<?xml version = "1.0" encoding = "utf-8" ?>

<component name="MainScene" extends = "Scene">

    <script type="text/brightscript" uri="MainScene.brs" />
    <script type="text/brightscript" uri="UILogic/ScreenStackLogic.brs" />
    <script type="text/brightscript" uri="UILogic/GridScreenLogic.brs" />
    <script type="text/brightscript" uri="UILogic/ContentTaskLogic.brs" />
    <script type="text/brightscript" uri="UILogic/DetailsScreenLogic.brs" />
    <script type="text/brightscript" uri="UILogic/VideoPlayerLogic.brs" />

    <children>
        <Overhang
            id="overhang"
            showOptions="false"
            logoUri="pkg:/images/rsgde_splash_hd.png"
            translation="[0,60]"
        />
        <Label
            id="loadingIndicator"
            text="loading..."
            width="1280"
            height="720"
            translation="[0,0]"
        />
    </children>
</component>