<?xml version = "1.0" encoding = "utf-8" ?>

<component name="GridScreen" extends="Group" initialFocus="RowList">
    <script type="text/brightscript" uri="GridScreen.brs" />
    <interface>
        <field id="content" type="node" alias="RowList.content"/>
        <field id="rowItemSelected" type="intarray" alias="RowList.rowItemSelected" alwaysNotify="true" />
        <field id="jumpToRowItem" type="intarray" alias="RowList.jumpToRowItem"/>
    </interface>
    <children>
    
        <Label
            id="titleLabel"
            width="1020"
            translation="[130,170]"
        />

        <Label
            id="descriptionLabel"
            wrap="true"
            width="1020"
            numLines="3"
            translation="[130,220]"
        />

        <RowList
            itemComponentName="RowListItemComponent"
            id="rowList"
            translation="[80,350]"
            numRows="2"
            rowItemSize="[[320,180]]"
            rowItemSpacing="[[20,0]]"
            itemSize="[1100,270]"
            rowLabelOffset="[[50,20]]"
            focusXOffset="[50]"
            showRowLabel="[true]"
            rowFocusAnimationStyle="floatingFocus"
        />
    </children>
</component>